{
   "AWSEBDockerrunVersion":2,
   "volumes":[
      {
         "name":"nginx-proxy-conf",
         "host":{
            "sourcePath":"/var/app/current/proxy/conf.d"
         }
      }
   ],
   "containerDefinitions":[
      {
         "name":"app-1",
         "image":"710781057441.dkr.ecr.ap-southeast-1.amazonaws.com/resp1:latest",
         "essential":true,
         "memory":128
      },
      {
         "name":"app-2",
         "image":"710781057441.dkr.ecr.ap-southeast-1.amazonaws.com/resp1:latest",
         "essential":true,
         "memory":128
      },
      {
         "name":"nginx-proxy",
         "image":"nginx",
         "essential":true,
         "memory":128,
         "portMappings":[
            {
               "hostPort":80,
               "containerPort":80
            }
         ],
         "links":[
            "app-1",
            "app-2"
         ],
         "mountPoints":[
            {
               "sourceVolume":"awseb-logs-nginx-proxy",
               "containerPath":"/var/log/nginx"
            },
            {
               "sourceVolume":"nginx-proxy-conf",
               "containerPath":"/etc/nginx/conf.d",
               "readOnly":true
            }
         ]
      }
   ]
}